{
"input_si_sdr": 0.03002256155014038,
"input_sdr": 0.2522297351732679,
"input_sir": 0.2522308396931612,
"input_sar": 69.15959598498841,
"input_stoi": 0.7287011359709994,
"si_sdr": 7.546651840209961,
"sdr": 7.906655476136316,
"sir": 15.830081271814564,
"sar": 8.804620058089906,
"stoi": 0.8951018810721789,
"mix_path": "/mnt/scratch07/hushell/UploadAI/datasets/Avatar100Mix2/wav2k/min/Avatar100Mix2_train-100-rand100-test/mix_clean/1088-134318-0007_4362-15663-0067.wav"
}