{
"input_si_sdr": 0.13692235946655273,
"input_sdr": 0.5526631404610773,
"input_sir": 0.552668965895712,
"input_sar": 65.7743159187132,
"input_stoi": 0.6698287839407866,
"si_sdr": 13.135527610778809,
"sdr": 13.34295734401664,
"sir": 23.965281484881622,
"sar": 13.81383398341545,
"stoi": 0.9086721653920032,
"mix_path": "/mnt/scratch07/hushell/UploadAI/datasets/Avatar100Mix2/wav2k/min/Avatar100Mix2_train-100-rand100-test/mix_clean/1081-125237-0039_8419-293473-0005.wav"
}