{
"input_si_sdr": 0.044252097606658936,
"input_sdr": 0.20192201212342487,
"input_sir": 0.20192425551382825,
"input_sar": 66.05973728369909,
"input_stoi": 0.7704506643472728,
"si_sdr": 7.251760184764862,
"sdr": 8.951256930572022,
"sir": 21.160180423014182,
"sar": 9.3580113531021,
"stoi": 0.9445071508548231,
"mix_path": "/mnt/scratch07/hushell/UploadAI/datasets/Avatar100Mix2/wav2k/min/Avatar100Mix2_train-100-rand100-test/mix_clean/625-132112-0015_5022-29405-0027.wav"
}