{
"input_si_sdr": 0.06597626209259033,
"input_sdr": 0.24818382789819948,
"input_sir": 0.24818539796454947,
"input_sar": 67.61039875273977,
"input_stoi": 0.7271408481665215,
"si_sdr": 15.352082252502441,
"sdr": 15.695191112689946,
"sir": 24.894645661692554,
"sar": 16.279968989048452,
"stoi": 0.9610760092641515,
"mix_path": "/mnt/scratch07/hushell/UploadAI/datasets/Avatar100Mix2/wav2k/min/Avatar100Mix2_train-100-rand100-test/mix_clean/5703-47212-0008_5339-14134-0075.wav"
}