{
"input_si_sdr": 0.026992052793502808,
"input_sdr": 0.22789773728691148,
"input_sir": 0.22790020606662742,
"input_sar": 65.61159026327074,
"input_stoi": 0.8020711686382689,
"si_sdr": 13.679614067077637,
"sdr": 14.07416360592569,
"sir": 23.75048688381839,
"sar": 14.59233347189069,
"stoi": 0.9648529227169539,
"mix_path": "/mnt/scratch07/hushell/UploadAI/datasets/Avatar100Mix2/wav2k/min/Avatar100Mix2_train-100-rand100-test/mix_clean/5339-14133-0045_3982-178459-0017.wav"
}