{
"input_si_sdr": -0.006635308265686035,
"input_sdr": 0.1370251591014604,
"input_sir": 0.13702617676021056,
"input_sar": 70.04883152374029,
"input_stoi": 0.7301584391603926,
"si_sdr": 16.259944438934326,
"sdr": 16.507599490302518,
"sir": 27.42376304334922,
"sar": 16.88968726536231,
"stoi": 0.9551553588936272,
"mix_path": "/mnt/scratch07/hushell/UploadAI/datasets/Avatar100Mix2/wav2k/min/Avatar100Mix2_train-100-rand100-test/mix_clean/730-358-0061_4362-15663-0087.wav"
}