{
"input_si_sdr": 0.03779101371765137,
"input_sdr": 0.265552469520292,
"input_sir": 0.2655542921765397,
"input_sar": 68.15611369427971,
"input_stoi": 0.6878027486791582,
"si_sdr": 11.119665622711182,
"sdr": 11.730911437258023,
"sir": 20.117782962950066,
"sar": 12.458386102079556,
"stoi": 0.9333269071120927,
"mix_path": "/mnt/scratch07/hushell/UploadAI/datasets/Avatar100Mix2/wav2k/min/Avatar100Mix2_train-100-rand100-test/mix_clean/307-127535-0013_7635-105409-0009.wav"
}