{
"input_si_sdr": 0.03717607259750366,
"input_sdr": 0.21228799396868753,
"input_sir": 0.21229122635179348,
"input_sar": 64.4078417492266,
"input_stoi": 0.7203205605625909,
"si_sdr": 5.339172840118408,
"sdr": 5.876669112159682,
"sir": 11.101758039184848,
"sar": 8.00889394271505,
"stoi": 0.8557590404927055,
"mix_path": "/mnt/scratch07/hushell/UploadAI/datasets/Avatar100Mix2/wav2k/min/Avatar100Mix2_train-100-rand100-test/mix_clean/7178-34644-0011_2764-36617-0038.wav"
}