{
"input_si_sdr": 3.414144277572632,
"input_sdr": 3.4288652792233876,
"input_sir": Infinity,
"input_sar": 3.4288652792233876,
"input_stoi": 0.8718504877394478,
"si_sdr": 17.423789978027344,
"sdr": 17.60433667239162,
"sir": Infinity,
"sar": 17.60433667239162,
"stoi": 0.9747639526990953,
"mix_path": "/mnt/scratch07/hushell/UploadAI/datasets/Avatar100+10Mix2/wav8k/min/train-100-openset100+10-test/mix_single/1963-142393-0017_2007-132570-0025.wav"
}