{
"input_si_sdr": -0.03956747055053711,
"input_sdr": 0.07935928733843278,
"input_sir": 0.07936058102965249,
"input_sar": 68.95092279279086,
"input_stoi": 0.7420492927941359,
"si_sdr": 14.872339248657227,
"sdr": 15.141295639750789,
"sir": 26.172831100267285,
"sar": 15.509468765267762,
"stoi": 0.9624029964259064,
"mix_path": "/mnt/scratch07/hushell/UploadAI/datasets/Avatar100Mix2/wav2k/min/Avatar100Mix2_train-100-rand100-test/mix_clean/8226-274369-0047_118-47824-0029.wav"
}