{
"input_si_sdr": -0.03342437744140625,
"input_sdr": 0.002357907680228699,
"input_sir": 0.0023597812045523803,
"input_sar": 68.0725436701607,
"input_stoi": 0.7198802828578765,
"si_sdr": 15.492435932159424,
"sdr": 15.709458046836176,
"sir": 27.242162714084834,
"sar": 16.052893926789793,
"stoi": 0.9031397228703542,
"mix_path": "/mnt/scratch07/hushell/UploadAI/datasets/Avatar100Mix2/wav8k/min/Avatar100Mix2_train-100-rand100-test/mix_clean/2843-152918-0031_250-142276-0023.wav"
}