{
"input_si_sdr": 0.05140519142150879,
"input_sdr": 0.19424925286155204,
"input_sir": 0.1942506145086862,
"input_sar": 68.75014417949363,
"input_stoi": 0.6975785675488422,
"si_sdr": 11.042624950408936,
"sdr": 11.334098370904378,
"sir": 19.04292103699753,
"sar": 12.257014367959467,
"stoi": 0.9078526878427874,
"mix_path": "/mnt/scratch07/hushell/UploadAI/datasets/Avatar100Mix2/wav2k/min/Avatar100Mix2_train-100-rand100-test/mix_clean/89-219-0024_7059-77897-0014.wav"
}