{
"input_si_sdr": 0.026992052793502808,
"input_sdr": 0.22789773728691148,
"input_sir": 0.22790020606662742,
"input_sar": 65.61159026327074,
"input_stoi": 0.8020711686382689,
"si_sdr": 13.230172634124756,
"sdr": 13.637779038221865,
"sir": 22.974119326106937,
"sar": 14.199643208847078,
"stoi": 0.9598380693124045,
"mix_path": "/mnt/scratch07/hushell/UploadAI/datasets/Avatar100Mix2/wav2k/min/Avatar100Mix2_train-100-rand100-test/mix_clean/5339-14133-0045_3982-178459-0017.wav"
}