{
"input_si_sdr": 0.03856229782104492,
"input_sdr": 0.22389603471863573,
"input_sir": 0.22389699508892325,
"input_sar": 69.83602895765375,
"input_stoi": 0.7347517742608417,
"si_sdr": 13.38649845123291,
"sdr": 13.649433272856914,
"sir": 23.868860675707587,
"sar": 14.101766109963307,
"stoi": 0.9579105275056303,
"mix_path": "/mnt/scratch07/hushell/UploadAI/datasets/Avatar100Mix2/wav2k/min/Avatar100Mix2_train-100-rand100-test/mix_clean/4014-186175-0006_4160-11550-0018.wav"
}