{
"input_si_sdr": -0.04859578609466553,
"input_sdr": -0.017935761930158334,
"input_sir": -0.017933093252285648,
"input_sar": 65.36425073431172,
"input_stoi": 0.7296033221479543,
"si_sdr": 12.244205474853516,
"sdr": 12.470827065282322,
"sir": 25.144515715540884,
"sar": 12.754669549456874,
"stoi": 0.9306969813280045,
"mix_path": "/mnt/scratch07/hushell/UploadAI/datasets/Avatar100Mix2/wav8k/min/Avatar100Mix2_train-100-rand100-test/mix_clean/8095-274348-0015_7226-86965-0015.wav"
}