{
"input_si_sdr": -0.027235031127929688,
"input_sdr": 0.10927185553133567,
"input_sir": 0.10927445658797974,
"input_sar": 65.8240588794174,
"input_stoi": 0.6794672254805575,
"si_sdr": 15.935508251190186,
"sdr": 16.275195149614696,
"sir": 26.579430022453522,
"sar": 16.737083761832263,
"stoi": 0.9022842549736119,
"mix_path": "/mnt/scratch07/hushell/UploadAI/datasets/Avatar100Mix2/wav2k/min/Avatar100Mix2_train-100-rand100-test/mix_clean/7178-34645-0026_5703-47198-0006.wav"
}