{
"si_sdr": 10.443214939848653,
"si_sdr_imp": 15.444098544053684,
"sdr": 15.693132232837769,
"sdr_imp": 15.634907065500375,
"sir": 27.492180848773923,
"sir_imp": 27.433953839776652,
"sar": 16.188952145927882,
"sar_imp": -51.67291335750662,
"stoi": 0.9259978430768611,
"stoi_imp": 0.20151818836987304
}
