{
"input_si_sdr": 0.03449821472167969,
"input_sdr": 0.2679374106557115,
"input_sir": 0.2679388347246361,
"input_sar": 70.38969370942013,
"input_stoi": 0.7013002542774823,
"si_sdr": 14.079859256744385,
"sdr": 14.333306184842353,
"sir": 25.07199112254151,
"sar": 14.742319803068531,
"stoi": 0.9439086201642523,
"mix_path": "/mnt/scratch07/hushell/UploadAI/datasets/Avatar100Mix2/wav2k/min/Avatar100Mix2_train-100-rand100-test/mix_clean/4640-19188-0018_6019-3185-0089.wav"
}