{
"input_si_sdr": -0.003629326820373535,
"input_sdr": 0.1567468742025877,
"input_sir": 0.15674808516976246,
"input_sar": 69.12325309040015,
"input_stoi": 0.7025740383141066,
"si_sdr": 6.457512855529785,
"sdr": 6.892359434878097,
"sir": 15.354737135783965,
"sar": 7.690432335991089,
"stoi": 0.8063006660495728,
"mix_path": "/mnt/scratch07/hushell/UploadAI/datasets/Avatar100Mix2/wav2k/min/Avatar100Mix2_train-100-rand100-test/mix_clean/118-47824-0000_307-127540-0006.wav"
}