{
"input_si_sdr": 0.13692235946655273,
"input_sdr": 0.5526631404610773,
"input_sir": 0.552668965895712,
"input_sar": 65.7743159187132,
"input_stoi": 0.6698287839407866,
"si_sdr": 13.9176664352417,
"sdr": 14.109621490321842,
"sir": 25.232378542365687,
"sar": 14.527120706850603,
"stoi": 0.922528738536198,
"mix_path": "/mnt/scratch07/hushell/UploadAI/datasets/Avatar100Mix2/wav2k/min/Avatar100Mix2_train-100-rand100-test/mix_clean/1081-125237-0039_8419-293473-0005.wav"
}