{
"input_si_sdr": 1.7864071130752563,
"input_sdr": 1.810433624208064,
"input_sir": Infinity,
"input_sar": 1.810433624208064,
"input_stoi": 0.6856994381405268,
"si_sdr": 14.908313751220703,
"sdr": 15.257630942508149,
"sir": Infinity,
"sar": 15.257630942508149,
"stoi": 0.8571545924610451,
"mix_path": "/mnt/scratch07/hushell/UploadAI/datasets/Avatar100+10Mix2/wav8k/min/train-100-openset100+10-test/mix_single/8095-274345-0008_3259-158083-0002.wav"
}