{
"input_si_sdr": -0.019879132509231567,
"input_sdr": 0.11765781530265429,
"input_sir": 0.11765922764283065,
"input_sar": 68.04416969285079,
"input_stoi": 0.7011382542630139,
"si_sdr": 17.33219623565674,
"sdr": 17.53267909282997,
"sir": 27.23895691761672,
"sar": 18.041572212121466,
"stoi": 0.9465805656394388,
"mix_path": "/mnt/scratch07/hushell/UploadAI/datasets/Avatar100Mix2/wav8k/min/Avatar100Mix2_train-100-rand100-test/mix_clean/211-122442-0062_374-180298-0012.wav"
}