{
"input_si_sdr": 0.0115278922021389,
"input_sdr": 0.18399815148913343,
"input_sir": 0.18399858419686324,
"input_sar": 73.12092765532046,
"input_stoi": 0.6590940969908041,
"si_sdr": 14.788970470428467,
"sdr": 15.08943393425928,
"sir": 25.53147332628893,
"sar": 15.513912967978943,
"stoi": 0.9081450838672844,
"mix_path": "/mnt/scratch07/hushell/UploadAI/datasets/Avatar100Mix2/wav2k/min/Avatar100Mix2_train-100-rand100-test/mix_clean/1502-122615-0016_8051-118101-0000.wav"
}