{
"input_si_sdr": 0.0601201057434082,
"input_sdr": 0.26938600771166676,
"input_sir": 0.2693900109963199,
"input_sar": 65.61857778948935,
"input_stoi": 0.7263804478832061,
"si_sdr": 12.42388916015625,
"sdr": 12.698376168770483,
"sir": 21.145313505537132,
"sar": 13.489248068212012,
"stoi": 0.9500199064180708,
"mix_path": "/mnt/scratch07/hushell/UploadAI/datasets/Avatar100Mix2/wav2k/min/Avatar100Mix2_train-100-rand100-test/mix_clean/4014-186183-0008_5652-39938-0012.wav"
}