{
"input_si_sdr": -0.006635308265686035,
"input_sdr": 0.1370251591014604,
"input_sir": 0.13702617676021056,
"input_sar": 70.04883152374029,
"input_stoi": 0.7301584391603926,
"si_sdr": 16.085358142852783,
"sdr": 16.381516275575486,
"sir": 27.46483114388686,
"sar": 16.74261308271541,
"stoi": 0.9504481901184517,
"mix_path": "/mnt/scratch07/hushell/UploadAI/datasets/Avatar100Mix2/wav2k/min/Avatar100Mix2_train-100-rand100-test/mix_clean/730-358-0061_4362-15663-0087.wav"
}